Continent;2015 Population;2020 Population;2022 Population;Crecimiento del PIB per capita (% anual)-2015;Crecimiento del PIB per capita (% anual)-2020;Crecimiento del PIB per capita (% anual)-2022;Inflacion, indice de deflacion del PIB (% anual)-2015;Inflacion, indice de deflacion del PIB (% anual)-2020;Inflacion, indice de deflacion del PIB (% anual)-2022;Crecimiento per capita del INB (% anual)-2015;Crecimiento per capita del INB (% anual)-2020;Crecimiento per capita del INB (% anual)-2022;Desempleo, total (% de la poblacion activa total)-2015;Desempleo, total (% de la poblacion  activa total),2020;Desempleo, total (% de la poblacion  activa total)-2022
Norteamérica;104257;106585;106445;2,885166185;-18,69832435;0;2,531592039;-5,588888959;0;0;0;0;0;0;0
Asia;33753499;38972230;41128771;-1,666416415;-5,364665931;0;2,447563002;7,821667127;0;0;0;0;8,989;11,71;0
Africa;28127721;33428485;35588987;-2,64297533;-8,672432129;-0,09675473;-3,518385346;10,76310528;16,30092559;-0,854344181;-7,272069641;0;9,584;10,35;10,209
Europa;2882481;2866849;2842321;2,516827054;-2,745238678;6,205275394;0,56399135;0,696542442;9,679621386;2,776762534;-3,062193762;0;17,19;13,067;11,808
Europa;71746;77700;79824;1,257416013;-12,73507756;7,732715652;0,660588959;1,113786074;4,213076377;0;0;0;0;0;0
Asia;8916899;9287289;9441129;5,817357871;-5,731044522;6,546638235;-16,26700603;-12,0313053;13,85341511;6,10589172;-6,623626493;0;1,763;4,29;2,754
América del Sur;43257065;45036032;45510318;1,629664279;-10,81261085;4,273163738;26,5799916;40,07688303;69,68286091;1,823025448;-9,536953607;4,525083559;7,524;11,46;6,491
Asia;2878595;2805608;2780469;3,606369078;-6,704049318;13,02541852;1,213909905;1,806592702;8,062787469;3,086356252;-9,228785973;11,39736392;12,177;12,18;12,557
Oceania;51368;46189;44273;4,854442301;7,64030128;0;1,469732765;5,329298281;0;0;0;0;0;0;0
Norteamérica;89941;92664;93763;3,011461458;-17,98917356;7,829470706;3,017503702;2,47268172;3,845457563;0;0;0;0;0;0
Oceania;23820236;25670051;26177413;0,693065823;-1,278358059;2,457502628;-0,594336116;1,739728096;7,114738737;-1,028221421;0,01689114;2,359995575;6,05;6,46;3,661
Europa;8642421;8907777;8939617;-0,11154019;-6,841544703;3,989868963;2,300978667;2,558602152;4,973462057;-0,512248469;-5,446156926;0;5,72;5,36;4,707
Asia;9863480;10284951;10358074;-0,103121365;-4,952701739;4,233364908;-8,849692569;-7,395965827;37,24885911;0;0;0;4,96;7,16;5,462
Africa;10727148;12220227;12889576;-5,980495612;-2,508461168;-0,824628147;21,31874702;5,966502331;8,928614006;-5,704099722;-2,193889417;-0,623147076;1,477;1,03;1,02
Europa;11248303;11561717;11655930;1,451893368;-5,769592438;2,571040719;1,330386128;1,505654861;5,900451944;1,51515318;-5,133040188;0;8,48;5,55;5,631
Africa;10932783;12643123;13352864;-1,181684836;0,951937861;3,420679455;0,851504261;2,878032289;4,13878;-1,53492293;0,913594159;3,072418044;2,023;1,671;1,654
Africa;18718019;21522626;22673762;0,877785605;-0,773847474;-1,085587186;-2,223954179;6,83501465;6,054186808;0,618940409;0;0;4,344;5,055;5,175
Asia;157830000;167420951;171186372;5,291060808;2,271109279;5,954844841;5,87277704;3,841044724;5,049021879;5,095106684;2,346515846;4,671290216;4,371;5,209;4,699
Europa;7309253;6979175;6781953;4,090107686;-3,380400724;9,958463513;2,946785657;4,257860562;15,10162333;1,718672844;-4,152171944;9,2549967;9,14;5,12;4,402
Asia;1362142;1477469;1472233;-1,352381521;-3,565598605;4,222105997;-9,255156915;-6,067076929;7,708406015;-1,544915039;-4,431765848;0;1,197;1,674;1,399
Norteamérica;392697;406471;409984;0,079669848;-23,86836277;13,78928204;3,414364762;-2,344995341;-2,17381916;0,372863591;-23,66802414;15,46081283;12;12,867;10,056
Europa;3524324;3318407;3233526;5,698303515;-1,778703887;5,099057811;1,365730709;0,06214255;12,24098429;5,562624966;-2,180069542;5,87814629;27,69;15,265;14,053
Europa;9700609;9633740;9534954;-3,957343643;-0,251386576;-3,725826822;16,02323933;11,87787911;13,52777795;-5,21238819;-1,653636956;-3,555449978;5,838;4,05;4,17
Norteamérica;359871;394921;405272;1,203028528;-14,68046614;10,6786901;0,022624434;-0,60295269;1,087957979;3,431195434;-10,89554156;8,604723286;7,58;10,788;9,687
Norteamérica;63144;64031;64184;0,622598427;-6,811709487;3,302972204;2,95202007;-0,415057906;2,926445455;0,44305947;-5,339838117;1,784627338;0;0;0
América del Sur;11090085;11936162;12224110;3,220538823;-9,952404845;1,850510107;-4,620602258;-1,854386683;3,409760526;5,471230321;-9,112165862;0;3,11;7,9;4,419
América del Sur;205188205;213196304;215313498;-4,358317179;-3,918004172;2,42870176;7,566175012;6,472499608;8,28319419;-4,354679212;-3,330923081;1,909011559;8,56;13,93;9,461
Norteamérica;278083;280693;281635;2,255206921;-13,46945599;9,829096122;-1,823927145;1,218970884;5,814105535;0;0;0;9,8;10,105;8,203
Asia;421437;441725;449002;-1,522384232;0,291718917;-2,423407698;-17,61280313;-10,86375964;24,23672668;3,32712409;0,241357954;0;7,693;7,41;7,203
Asia;743274;772506;782455;5,649806271;-10,59763139;0;3,557068165;7,223304585;0;5,640269913;-7,771070607;0;2,45;5,03;3,604
Africa;2305171;2546402;2630296;-6,699965199;-10,40331706;4,098346998;3,729942543;4,379793213;14,55204857;-7,704490983;-7,444793947;5,245351814;19,299;21,02;20,684
Africa;4819333;5343020;5579144;3,891158828;-1,624775579;-2,186536142;2,708263108;1,982160556;6,499999999;4,071422031;-3,206390262;-3,476527055;5,737;6,38;6,363
Norteamérica;35732126;37888705;38454327;-0,089285801;-6,088212049;1,52799048;-0,876717545;0,615457491;7,332574831;-2,279806373;-6,706016984;2,723432786;6,91;9,46;5,209
Europa;8281732;8638613;8740472;0,494129822;-3,086282111;1,287236846;-1,265056875;-0,74115299;3,280401881;1,979543583;-3,883516931;0;4,8;4,82;4,202
América del Sur;17870124;19300315;19603733;1,105758382;-7,413626946;1,862723415;4,95436553;9,637413655;6,642306168;3,188694974;-9,975205099;2,423830584;6,49;11,14;7,784
Asia;1393715448;1424929781;1425887337;6,420736477;1,995558042;3,004296763;-0,002944094;0,492493697;2,247260684;5,779628467;1,469906015;0;4,65;5;4,886
Africa;23596741;26811790;28160542;4,463889962;-0,782841474;4,155127568;4,775682374;1,53199832;2,749999998;4,07548562;-1,044286078;4,265742996;2,697;2,66;2,637
Africa;23012646;26491087;27914536;2,392797417;-2,422434418;0,88552214;0,309791672;0,705572038;6,249329796;1,827504584;-2,540597894;5,99383497;3,546;3,947;4,001
Africa;78656904;92853164;99010212;5,762181552;1,11096628;2,832379325;4,349228941;14,97543455;0;5,171037873;1,884964398;0;4,457;5,127;4,987
Africa;5064386;5702174;5970424;4,196087842;-2,412582309;-4,439489192;-3,437642921;25,60115057;0;-7,663483066;-8,762988363;-4,453959373;20,485;22,517;21,795
América del Sur;47119728;50930662;51874024;1,990616494;-8,605811527;6,755026326;2,449328421;1,480214509;14,18848568;3,706352976;-7,513203959;4,244242066;8,3;15,04;10,726
Africa;730216;806166;836774;-1,014068958;-2,074861396;0,534046631;-0,522859923;0,669668394;5,162636894;-0,860638209;-2,087251767;0,52008951;8,14;9,032;8,811
Africa;552166;582640;593149;-0,177226393;-20,07982255;16,67744523;1,620407559;0,911022867;6,428689922;0,997015589;-20,2857164;16,95070193;11,81;14,878;13,57
Norteamérica;4895242;5123105;5180829;2,573178611;-4,994101584;3,764005009;3,955215397;0,772593247;5,764601179;4,189416007;-4,414828902;0,806240111;8,42;16,43;11,453
Norteamérica;11339894;11300698;11212191;4,365679262;-10,8222658;0;3,439604236;16,55475569;0;4,387829923;0;0;2,4;1,4;1,386
Norteamérica;169572;189288;191163;-1,023790833;-17,12567166;0;-0,476488548;2,180002833;0;0;0;0;0;0;0
Norteamérica;60911;67311;68706;0,550605615;-6,767414346;0;0,341901494;0,156933429;0;0;0;0;0;0;0
Europa;1187280;1237537;1251488;4,009426772;-5,450317794;0;-0,754234116;-1,209025386;6,443302019;6,143439494;-6,979006331;0;14,91;7,59;6,976
Europa;10523798;10530953;10493986;5,181402654;-5,732526894;2,263309069;0,99227616;4,318402839;8,564456492;5,361370202;-3,850971507;0;5,05;2,55;2,37
Europa;82073226;83328988;83369843;0,617105353;-3,775429714;0,715380074;1,853678824;1,810810222;5,482776628;1,817386791;-3,526524457;-1,515650168;4,62;3,86;2,989
Africa;1006259;1090156;1120849;5,69115555;-0,298338539;1,594747375;1,807100821;1,762288068;1,199179974;5,639166372;-0,355578208;0;26,337;28,048;27,929
Norteamérica;70007;71995;72737;-3,615168468;-17,26169347;5,465577001;6,865465074;-1,132770684;4,046723874;0;0;0;0;0;0
Europa;5677796;5825641;5882261;1,622166258;-2,280015264;3,00465121;0,433060802;2,60762108;7,620755947;1,281891167;-0,87674893;4,423793464;6,28;5,64;4,172
Norteamérica;10405832;10999664;11228821;5,655742243;-7,719058679;3,822256103;2,471885977;4,72350402;10,71415565;6,308962842;-7,772585575;4,887414686;7,61;6,13;7,121
Africa;39543154;43451666;44903225;1,646657259;-6,729941651;1,434776765;-6,455650412;-5,025876189;19,71086396;1,641727811;-6,32964681;0;11,21;12,248;11,55
América del Sur;16195902;17588595;18001000;-1,371519259;-9,07131767;1,785208105;-2,491020758;-0,399099296;5,264812773;-1,561627243;-8,806475453;1,869616612;3,62;6,11;3,955
Africa;97723799;107465134;110990103;0,53182407;3,675370831;1,591816288;6,245663134;4,847156432;0;2,791467853;2,293794627;4,514331803;13,052;7,939;6,959
Africa;3340006;3555868;3684032;0;0;0;0;0;0;0;0;0;5,797;7,28;6,618
Europa;46431342;47363807;47558630;3,919117265;-11,75755913;5,01039069;0,545318262;1,225566343;4,280259358;4,43822156;-11,12688983;0;22,06;15,53;13,009
Europa;1314657;1329444;1326062;1,786274694;-0,747277944;-2,303041826;1,03644083;-0,531509462;16,56357881;2,74707988;0,487622627;0;6,41;6,96;5,851
Africa;102471895;117190911;123379924;7,456695097;3,280847984;2,673584075;10,83654278;18,25459029;34,68400997;7,31772672;3,319130129;0;2,573;4,126;4,018
Europa;5479461;5529468;5540745;0,21302942;-2,495122968;1,792360795;1,616746497;1,634678998;4,246486609;1,358703189;-0,769649403;-0,687261232;9,38;7,76;6,801
Oceania;917200;920422;929766;4,314346977;-17,17670889;15,48088283;2,530898047;-1,216096096;5,340727773;0;0;0;4,286;4,794;4,334
Europa;63809769;64480053;64626628;0,754024352;-8,034474295;2,281547291;1,138248785;2,784576522;3,031669367;1,748670593;-8,274057806;0;10,35;8,01;7,445
Europa;48816;52415;53090;0,250331565;-3,992282117;0;4,859462801;-0,091201641;0;0;0;0;0;0;0
Oceania;109462;112106;114164;4,203251189;-2,402459942;-1,518807294;-5,250358783;0,808820404;6,367832553;0;0;0;0;0;0
Africa;2028517;2292573;2388992;0,721232639;-3,969558634;0,974772837;-8,927172453;-9,173905724;13,77899899;-3,130546127;2,924841949;14,8560764;20,601;21,726;21,469
Europa;65224364;67059474;67508936;1,584979389;-11,35567606;4,186941875;0,712571162;5,933146815;5,410726593;1,926445632;-12,88598438;0;5,3;4,472;3,571
Asia;3771132;3765912;3744385;2,860094243;-6,824432632;9,993287504;5,833119136;7,28127821;8,605115075;1,838577146;-7,097795566;10,09461983;16,51;11,73;11,311
Africa;28870939;32180401;33475870;-0,265332917;-1,541636526;1,257188422;13,25296456;9,365573678;29,7991007;2,114422062;3,576114699;1,922825821;6,81;3,774;3,867
Europa;32520;32709;32649;0;0;0;0;0;0;0;0;0;0;0;0
Africa;11625998;13205153;13859341;1,212553188;2,317241012;2,226401544;2,972289355;4,693938029;12,2;2,957572308;-2,936644047;6,460439586;4,942;5,945;5,749
Africa;2253133;2573995;2705992;1,097050489;-1,953083669;2,36165777;9,720362427;2,188758959;9,796103003;0,968460491;-1,744456365;3,332249678;6,814;5,096;4,78
Africa;1788919;2015828;2105566;3,428104905;-4,596719957;1,295673323;12,10198866;0,10251975;8,351497181;2,494783324;-4,943201591;0;3,142;3,605;3,583
Africa;1346973;1596049;1674908;-12,60468504;-6,822442154;0,655260082;-20,19275037;-8,830413999;5,005175718;3,121338254;-3,178136194;-1,136361225;8,205;9,295;8,689
Europa;10806641;10512232;10384971;0,463652786;-8,808563835;6,662364124;-0,293730433;-0,86085916;8,113491665;1,286529686;-8,217388659;0;24,9;16,31;12,162
Norteamérica;118980;123663;125438;5,543417928;-14,41148694;5,10162878;2,758392063;-0,299985587;5,765593327;0;0;0;0;0;0
Norteamérica;55895;56026;56466;-2,214918882;-0,064784281;0;8,144380572;0,703000441;0;0;0;0;0;0;0
Norteamérica;16001107;17362718;17843908;2,346295146;-3,273321968;2,629583197;2,23162146;2,873260202;6,224303487;2,556685749;-3,215633135;3,211975259;2,51;3,359;2,569
Oceania;167978;169231;171774;0,564587368;-11,71000085;0;2,522468165;4,347386768;0;0;0;0;6,9;6,577;6,134
América del Sur;755031;797202;808726;0,165301152;43,75870325;56,98870768;3,004190214;-26,29604987;20,980389;0,125475804;43,06087752;52,8196149;13,252;15,589;12,358
Asia;7399838;7500958;7488865;2,043139929;-2,396670725;7,416672639;1,638283508;0,683311452;0;2,875521125;-5,44577664;-2,856972941;3,31;5,81;5,058
Norteamérica;9294505;10121763;10432860;1,97813209;-10,43019024;2,457696882;6,932770369;4,634186675;9,145801515;2,557962036;-9,698163911;4,13491415;6,15;10,68;7,099
Europa;4254815;4096868;4030358;3,37066856;-8,183444642;7,021082899;0,081012125;0,734131433;8,882341399;5,465541475;-5,954702898;7,017893296;16,18;7,51;6,746
Norteamérica;10563757;11306801;11584996;-0,049590688;-4,55718544;-2,848281313;5,205963302;18,68518613;30,20129187;-0,091696814;-4,710554797;-2,839943577;13,888;15,085;14,836
Europa;9844246;9750573;9967308;3,954282613;-4,330016567;4,862863811;2,775741908;6,401668541;15,28298264;4,050602371;-2,543515254;0;6,81;4,25;3,423
Asia;259091970;271857970;275501339;1,161286667;-2,628693297;2,054765985;3,98024266;-0,401651435;9,567844361;3,779313055;-2,543265563;4,458701441;4,51;4,25;3,554
Europa;83593;84046;84519;3,717745469;-2,885094093;4,640376802;-0,627110746;-0,20644317;0;-2,9992601;-6,472115052;0;0;0;0
Asia;1322866505;1396387127;1417173173;-0,024726272;-8,958801921;0;2,279588108;4,746548933;8,318211292;6,718547579;-7,116609044;6,300167534;7,915;10,195;7,33
Europa;4665760;4946119;5023109;6,721067631;-6,72629208;6,277403814;8,38629125;-1,565278573;5,29547751;19,4796208;1,046415598;0;9,91;5,62;4,362
Asia;81790841;87290193;88550570;23,20087107;5,097385401;10,78488344;9,399784613;56,31965464;0;-4,100838048;0;0;11,17;9,69;10,964
Asia;37757813;42556984;44496122;3,011764287;-3,72270715;3,965568691;-30,19965394;-11,22019618;18,86809624;2,039254602;-14,52941205;0;10,729;16,23;15,547
Europa;331060;366669;372899;1,917912089;-14,09023465;4,693956362;6,054520348;4,057642585;9,044388727;0;0;0;3,98;5,48;3,809
Asia;8007778;8757489;9038309;3,354145333;-8,73526415;3,83013838;2,317748029;1,041418428;4,391443304;2,357764698;-3,137102174;0;5,25;4,33;3,476
Europa;60232906;59500579;59037474;0,475269155;-3,573037419;4,392360752;0,931863575;1,571230901;3,010024306;0,775990164;-7,343074288;0,073590279;11,9;9,16;8,094
Norteamérica;2794445;2820436;2827377;0,875477402;-8,534686345;4,120020347;6,655338653;3,440855242;13,90360837;-0,431722181;-10,54044788;3,925776861;8,842;6,5;6,049
Asia;9494246;10928721;11285869;0,56387602;-10,1128523;4,211719555;2,169752117;-0,475217231;2,606849727;0;0;0;13,08;19,21;17,874
Asia;127250933;125244761;123951692;-6,53100718;-3,677712354;1,254127453;2,111298993;0,944197436;0,244463731;3,437070775;-3,404896792;0;3,39;2,8;2,641
Asia;17835909;18979243;19397998;1,668465117;-3,996581849;1,478038986;1,823549877;4,210858297;17,18061167;6,3622006;2,26963919;0;4,93;4,89;5,008
Africa;46851488;51985780;54027487;-0,268267118;-3,757983454;-0,066009594;9,238654684;4,948852833;6,008764133;4,070395036;-2,386788946;3,041648528;2,774;5,616;5,502
Asia;5914980;6424874;6630623;2,683317425;-2,256979503;2,863571211;3,4272875;6,120895469;16,12519846;2,036929516;-4,00401546;0;3,378;4,63;4,567
Asia;15417523;16396860;16767842;1,75886441;-10,12044553;5,268210577;1,786112459;-0,671856544;5,742208773;5,58168289;-2,068468246;0;0,39;0,298;0,361
Oceania;116707;126463;131232;5,531684682;-4,213653755;4,0409653;4,561170663;4,10647405;4,635694339;20,64445118;-13,08106876;0;0;0;0
Norteamérica;47790;47642;47657;8,244125163;-3,38537208;-0,262393128;-0,30616504;-6,584498028;2,477065799;0;0;0;0;0;0
Asia;50994401;51844690;51815810;0,711907425;-14,40495012;8,883353967;1,986038505;2,497675721;0;5,756379681;-0,081342768;-0,760165272;3,55;3,93;2,788
Asia;3908743;4360444;4268873;2,556219509;1,8889146;4,329207461;-25,95841894;-13,91093394;26,6194855;-4,66939926;0;0;2,2;3,331;2,482
Asia;6787419;7319399;7529475;-3,194174418;-7,169356849;7,70238295;2,348496006;5,034504125;17,68693752;5,793903145;0;0;2,521;3,576;2,633
Asia;6398940;5662923;5489739;5,753411005;-0,970941437;1,283090294;3,335784451;85,54204234;0;-1,383004689;-20,41256188;0;9,263;12,971;12,635
Africa;4612329;5087584;5302681;-1,493847612;-19,74842848;0;0,062713426;-5,607895878;8,791608351;0;0;0;2,577;3,842;3,634
Africa;6192235;6653942;6812341;-2,033029839;-4,933202273;2,648477888;-7,040707272;-4,397593492;24,10299327;0;0;0;19,521;20,343;20,68
Norteamérica;175623;179237;179857;-2,355436924;-30,68253321;-2,354229778;3,20702127;-4,288219217;5,805892548;0;0;0;20,556;20,39;17,362
Europa;37355;38756;39327;-0,36569114;-24,64168662;15,26782611;0;0;0;0;0;0;0;0;0
Asia;21336697;21715079;21832143;0;0;0;3,014380804;3,270902109;48,84727688;0;-5,075427059;-8,174537519;4,52;5,2;6,705
Africa;2118521;2254100;2305825;3,731046584;-5,129263121;-7,927868069;10,20245278;4,928219237;18,3816988;2,831108205;-2,943979608;0;16,852;18,461;18,039
Europa;2963765;2820267;2750055;1,99435847;-6,808444709;-0,4712703;0,063682791;1,8888111;16,74003569;2,412972475;0,977882447;0;9,12;8,49;5,569
Europa;569408;630399;647599;2,988912971;-0,048831011;0,731136946;2,219180657;4,694516219;6,423027206;-11,06733282;2,80405825;0;6,67;6,77;4,698
Europa;1991955;1897052;1850651;-0,115476306;-2,436809269;-0,122505705;0,115712474;0,970729604;14,09989245;4,504906959;1,576840513;0;9,87;8,1;6,429
Asia;615239;676283;695168;4,739182606;-1,514811398;2,036341427;0,861722545;-0,58988903;0;-15,75528938;-40,61620829;0;1,81;2,57;2,627
Norteamérica;35020;32552;31791;0;0;0;0;0;0;0;0;0;0;0;0
Africa;34680458;36688772;37457971;3,022429876;-8,172741448;0;3,17293531;0,146950448;5,034662667;3,457704373;-7,652457465;0;9,46;11,114;10,494
Europa;36760;36922;36469;3,009249664;-12,70112125;0;1,137972438;2,784789487;0;0;0;0;0;0;0
Europa;3277388;3084847;3272996;0,429158858;-7,263269768;-5,123709824;11,57431499;5,575009401;19,71023825;-2,231119959;-8,828180175;-6,548736075;4,7;3,82;2,278
Africa;24850912;28225177;29611714;0,497287784;-9,414529773;1,356343073;6,503716692;4,311145137;5,870541259;-0,690376515;-8,945975173;0,626775747;1,79;2,363;2,142
Asia;435582;514438;523787;-1,566407737;-34,77655892;11,79993645;7,929908105;0,415365511;2,060157363;0,029044205;-33,98503433;0;6,618;5,34;4,883
Norteamérica;120149897;125998302;127504125;2,094717824;-8,654637261;2,41655401;2,835086218;4,167274101;7,032230578;1,998124907;-8,987016522;2,991567825;4,31;4,45;3,308
Oceania;49410;43413;41569;4,19631619;1,131667361;2,674465984;-3,218073487;6,103248035;6,163313919;12,82501918;0,127905636;0;0;0;0
Europa;2107962;2111072;2093599;3,717656603;-5,922295863;2,514650297;2,003420846;2,910146371;8,006720952;2,279082752;-5,048325675;2,722542948;26,43;16,55;15,081
Africa;18112907;21224040;22593590;2,882860607;-4,29096596;0,527298959;2,883509375;0,532340178;5,77435565;3,330858708;-4,733393226;1,149211555;1,361;3,53;2,762
Europa;456579;515357;533286;7,023411341;-10,61108026;5,854597716;4,220040909;1,607741563;5,244130191;6,534182458;-12,05596656;5,371619703;5,38;4,35;2,813
Asia;51483949;53423198;54179306;2,451780521;2,434131087;2,277920312;8,374897241;3,844254536;10,50583658;2,193350301;3,096521581;2,923655375;0,77;1,48;0
Europa;633966;629048;627082;3,332384578;-15,20847458;6,619287151;2,219572933;-0,175604638;10,26601025;4,248480124;-14,78673594;6,483503789;17,55;17,88;15,402
Asia;2964749;3294335;3398366;0,241383711;-6,351240603;3,285297774;0,609769216;3,706721766;15,76929124;0;-4,665079804;6,008260719;4,86;6,59;8,247
Africa;26843246;31178239;32969517;3,524583654;-4,027268749;1,329239683;7,585855542;3,398577624;5,964768156;2,701871951;-4,188934172;0;3,43;3,776;3,906
Africa;3946220;4498604;4736139;2,62469076;-3,465477977;2,508660488;-4,793908578;6,623492815;1,000000011;3,733653861;-3,590425166;2,556859059;10,152;11,137;11,109
Africa;1293153;1297828;1299469;3,553356966;-14,59935427;9,018824507;1,399530743;2,570561676;9,580205195;3,728348518;-14,93653266;9,680232052;7,41;8,63;7,234
Africa;16938942;19377061;20405317;0,002403032;-1,85159978;-1,626565784;19,81466926;9,061169429;21,89063589;0;0;0;4,987;5,681;5,614
Asia;31068833;33199993;33938221;3,527534436;-6,661116651;7,527444742;1,218055734;-0,770874208;6,456502194;0;-6,177490499;6,53228146;3,1;4,54;3,73
Africa;2282704;2489098;2567012;2,450710978;-9,66882124;3,058860786;3,864574351;4,631530899;7,215581692;2,869012957;-7,634091918;2,317025916;20,895;21,236;20,846
Oceania;283032;286403;289950;0;-2,837025618;0;0;0,43012498;0;0;0;0;13,891;13,56;12,267
Africa;20128124;24333639;26207977;0,471154424;-0,238156789;7,435939338;2,249426436;0,949190054;-5,511777973;0,870515481;0;6,159137588;0,532;0,68;0,534
Africa;183995785;208327405;218541212;0,076961617;-4,16205929;0,823296498;2,863665122;7,849142046;11,31133494;0,955594529;-4,674501246;0;4,221;5,999;5,761
Norteamérica;6298598;6755895;6948392;3,295991875;-3,103558017;2,290008706;7,588963741;5,375349379;8,915838051;3,040580912;-6,409529771;1,567584698;4,7;5,937;5,565
Europa;17041107;17434557;17564014;1,508266184;-4,418555509;3,474680351;0,772727977;1,928572016;5,303989828;2,232646846;-5,634101783;0;6,87;3,82;3,538
Europa;5190356;5379839;5434319;0,848799124;-1,857696109;2,356845566;-2,804468122;-2,517260591;28,03330472;-2,985953616;-6,632347293;0;4,3;4,42;3,171
Asia;27610325;29348627;30547580;3,417884305;-4,086568589;3,840994768;4,409045432;3,21740233;7,327365924;3,344863526;-3,986967089;3,900490282;10,512;13,078;11,119
Oceania;11185;12315;12668;-7,726824166;2,688329652;1,093585673;0,111111111;1,965156794;4,205128205;0;0;0;0;0;0
Oceania;4590590;5061133;5185288;1,64567825;-2,820322501;1,903785334;1,431176495;2,011343735;5,646634;2,160438456;-2,155540702;0;5,41;4,6;3,253
Asia;4191776;4543399;4576298;0,444638517;-2,11716851;3,038743644;-19,14647252;-10,78367813;24,64635128;3,074527851;-1,860873261;0;3,384;2,94;2,327
Asia;210969298;227196741;235824862;3,382018952;-2,97029465;4,196664289;4,110248659;9,944498211;12,9990027;3,293320143;-3,054602218;4,052901277;3,57;6,55;6,416
Norteamérica;3957099;4294396;4408581;3,907928868;-18,85438221;9,368782939;2,478768918;-0,550968755;2,44940366;0;0;0;4,368;14,114;8,789
América del Sur;30711863;33304756;34049588;2,048956732;-12,15393825;1,676269608;2,690520901;3,921897615;4,38465878;3,320269489;-11,27841637;3,534288166;3,27;7,18;3,661
Asia;103031365;112190977;115559009;4,587218252;-10,97819414;6,0076999;-0,71968279;1,650490187;5,481077739;4,361532013;-12,88925175;8,299225933;3,07;2,52;2,238
Oceania;17794;17972;18055;7,551150341;-9,390425024;0;7,914235014;-0,631163708;0;0;0;0;0;0;0
Oceania;8682174;9749640;10142619;3,902031266;-5,224817586;2,607729817;-1,231118417;1,632621229;11,63828661;0;0;0;2,449;2,694;2,753
Europa;38553146;38428366;39857145;4,452883998;-1,848440388;5,392019451;1,317042937;4,255087336;11,47905306;4,47960455;-1,50953799;5,673569988;7,5;3,16;2,602
Norteamérica;3497335;3271564;3252407;0,706704569;-6,767756465;4,673248816;1,977702788;2,405723498;3,175137071;-0,29221171;-3,930731273;6,459167748;12;8,89;5,971
Asia;25258015;25867467;26069416;0;0;0;0;0;0;0;0;0;2,897;3,064;2,962
Europa;10365435;10298192;10270865;2,214482885;-8,396854511;6,132124565;2,019964428;2,003474567;4,432711701;2,887262848;-6,763564037;0;12,45;6,8;5,781
América del Sur;6177950;6618695;6780744;1,503457647;-2,148477897;-1,060174073;1,60388801;2,203921468;7,568506476;1,540598139;-2,471566676;-0,306944385;4,56;7,55;6,886
Asia;4484614;5019401;5250072;1,372585088;-13,49638697;1,442370745;-3,707013017;2,220901833;1,544411888;2,969397962;-14,75424181;2,326216079;23;25,89;25,724
Oceania;291787;301920;306279;1,135553715;-7,678578454;0;1,821615365;0,537628406;0;0;0;0;12,087;13,67;13,098
Asia;2414573;2760385;2695122;-3,928099196;-2,005009486;4,559816888;-25,1298075;-15,02742729;25,98557486;0;-1,423325084;0;0,17;0,14;0,095
Europa;19906079;19442038;19659267;3,646553566;-3,145541561;5,69443511;3,264754274;4,109315184;13,51376222;2,95880512;-3,267029124;4,385592542;6,81;5,03;5,436
Europa;144668389;145617329;144713314;-2,183885472;-2,461151415;0;7,249735907;0,898246027;15,8047099;-2,183860224;-4,752537039;0;5,57;5,59;0
Africa;11642959;13146362;13776698;6,290311058;-5,662297223;5,685991379;0,486288744;6,723902051;16,03221477;6,690014186;-4,648217399;5,653310996;11,828;13,01;13,009
Asia;32749848;35997107;36408820;2,694521078;-4,79246757;7,374954355;-16,58148311;-8,463178289;17,32200386;2,688026631;-4,135048496;6,701529948;5,6;7,45;5,635
Africa;38171178;44440486;46874204;-1,207998062;-6,250228079;0;14,02255744;115,652915;116,8644486;-1,557888258;-6,707663101;0;17,444;19,292;18,73
Africa;14356181;16436119;17316449;3,508054186;-1,342145925;1,50900297;1,06978462;1,60273383;8,449812498;2,784896033;-1,16893898;1,248066548;6,76;3,509;3,434
Asia;5650018;5909869;5975689;1,762324686;-3,600848086;0,273797564;3,07195501;-2,696454848;9,051761389;0;0;0;3,79;4,1;2,758
Oceania;612660;691191;724273;-0,860529804;-5,645371054;-6,237705663;3,35777296;-1,325949484;6,953264597;-1,599889963;-2,338525523;0;0,733;0,892;1,543
Africa;7314773;8233969;8605718;-22,38331483;-4,196551048;1,274825546;19,64033752;10,91495706;21,47895072;-21,22268581;-4,969271524;0;4,437;3,572;3,635
Norteamérica;6231066;6292731;6336392;2,046016356;-8,061580857;2,240367876;1,307617777;0,673331507;7,517867015;1,872225952;-8,145484781;1,917985876;4;5,02;3,822
Europa;33570;34007;33660;1,739978528;-6,178501365;0;-0,742700251;0,344576763;0;0;-7,483807778;0;0;0;0
Africa;13763906;16537016;17597511;11,24943078;-0,954716484;1,630966535;1,509946926;6,440183551;4,749642403;0;0;0;18,877;19,567;20,047
Europa;7519496;7358005;7221365;2,311015889;-0,240923959;3,374369807;1,87289248;2,448416133;10,59820493;1,450845847;2,221839419;2,370631059;17,66;9,01;9,473
Africa;11194299;10606227;10913164;-10,64207441;0;0;17,68933214;0;0;-5,799706285;0;0;12,29;13,745;12,975
Africa;201124;218641;227380;2,037437197;1,119960636;-0,969518678;5,006138669;5,459544493;15,66256583;0;0;0;13,78;15,443;15,318
América del Sur;575475;607065;618040;-4,383405011;-16,91141207;1,054370688;4,852477354;45,21776444;49,33298304;0;0;0;7,22;9,524;8,639
Europa;5424444;5456681;5643453;5,06728463;-3,419117124;1,958730274;-0,216504526;2,37070304;7,504459994;3,377581604;-2,671087503;0;11,48;6,69;6,094
Europa;2080862;2117641;2119844;2,133258028;-4,960040833;5,341921867;1,005043485;1,259425427;7,224503923;0,761665315;-3,866462776;0;8,96;4,97;4,18
Europa;9849349;10368969;10549347;3,390176296;-2,87468419;1,946023171;2,121180245;1,994045928;5,707395272;2,390970265;-2,112325729;0;7,43;8,29;7,358
Africa;1133936;1180655;1201670;1,499857603;-2,480299705;3,101761453;5,545064733;3,22693657;8,875969392;1,809589068;-3,001523099;0;23,317;25,08;24,389
Norteamérica;40205;43621;44175;-2,547997424;-17,88541716;8,327138215;0,22717564;1,752866254;3,464084656;-2,110724984;0;0;0;0;0
Africa;99240;105530;107118;1,896972423;-9,425755928;7,927947403;0,520732965;-1,137041105;-4,290557159;1,147613504;-8,036410545;9,700541281;0;0;0
Asia;19205178;20772595;22125249;0,146192502;-6,99424539;0;38,21454775;54,60384762;0;0;0;0;8,721;10,011;9,61
Norteamérica;36538;44276;45703;6,583542399;-28,76064545;-1,78180319;0,623168365;5,46019004;9,547171322;0;0;0;0;0;0
Africa;14140274;16644701;17723315;-0,453003769;-4,66133902;-0,899603181;-8,480017258;-5,454896408;18,65580231;1,478487119;-4,422705784;-1,131017874;1,072;1,645;1,412
Africa;7473229;8442580;8848699;3,127379718;-0,433796943;3,372713245;3,479625823;1,799236797;3,659030358;4,898960786;-0,537814399;3,376127551;2,2;4,028;4,066
Asia;70294397;71475664;71697030;2,644812515;-6,287580891;2,457466869;0,722113573;-1,281944318;4,710172864;0;0;0;0,6;1,1;0,862
Asia;8524063;9543207;9952787;3,560193553;2,144186247;5,800205711;6,86625095;1,655961191;6,024964419;0,983088096;2,309415859;0;7,552;7,485;7,828
Asia;5766431;6250438;6430770;4,592543895;0;0;-5,153297788;6,774326962;0;0;0;0;4,114;4,799;5,019
Asia;1205813;1299995;1341296;0,974981265;29,92997972;-18,74325518;7,203969701;-19,34117971;5,873742245;-19,40143845;5,050052512;0;4,451;4,804;4,864
Oceania;106122;105254;106858;1,652378933;0,19936359;0;5,283368583;-4,198068803;0;1,974913004;0,377548479;0;1,941;2,654;3,011
Norteamérica;1460177;1518147;1531044;-1,402399379;-7,568382946;2,120772667;-8,702302828;-4,401286877;11,22538831;0;0;0;2,43;4,21;3,982
Africa;11557779;12161723;12356117;-0,157752757;-9,660661575;1,748698598;4,213840076;6,695487852;8,323996094;0,690383398;-10,27103733;1,715754982;15,16;16,373;16,124
Asia;79646178;84135428;85341241;4,04114037;1,147943989;4,865927992;7,84491693;14,85282345;96,10678105;0;0;0;10,24;13,11;10,03
Oceania;10877;11069;11312;10,63999724;-5,252060333;-0,283870476;3,20315928;0,890715817;7,840991459;0;0;0;0;0;0
Africa;52542823;61704518;65497748;2,674204145;-1,026490973;0;7,591364023;6,42301399;2,71937234;2,403779203;0;0;2,144;2,78;2,762
Africa;37477356;44404611;47249585;1,985923773;-0,423316497;1,558648587;5,187859863;2,721484443;4,841367717;2,407407181;0,526907631;1,505209813;2,749;4,511;4,28
Europa;44982564;43909666;39701739;-9,443832191;-3,101658589;0;38,88167976;10,29494428;34,32071191;-4,623073983;-2,045020557;0;9,14;9,48;0
América del Sur;3402818;3429086;3422794;0,041679877;-6,281483198;5,028120769;9,855420322;9,957512111;4,413071553;1,967111008;-6,84371596;6,50470693;7,49;10,33;7,841
Norteamérica;324607776;335942003;338289857;1,953004118;-3,700952528;1,676971297;1,000541633;1,304912071;7,005275556;2,346977317;-3,481977953;0;5,28;8,05;3,611
Asia;30949417;33526656;34627652;5,364816972;0,053822233;3,49604367;10,50069951;11,44242483;13,84832757;0;0;0;5,15;5,29;6,006
Norteamérica;106482;104632;103948;3,20029419;-3,470755412;5,340705885;-0,734272745;-0,866507644;3,619199342;0;0;0;18,969;20,55;18,975
América del Sur;30529716;28490453;28301696;0;0;0;0;0;0;0;0;0;6,077;7,53;5,328
Norteamérica;29366;30910;31305;0;0;0;0;0;0;0;0;0;0;0;0
Norteamérica;102803;100442;99465;-0,267922316;-1,798090794;0;3,187577554;4,353669619;0;0;0;0;12,258;13,255;12,382
Asia;92191398;96648685;98186856;5,877861594;1,937355342;7,228984384;-1,716524374;1,467486618;3,860465836;4,565569934;2,788101858;0;1,85;2,1;1,923
Oceania;276438;311685;326740;-1,997430873;-7,211878534;-0,520979743;5,863819798;2,785341843;4,928854357;-1,735017699;-10,44035487;0,219269288;1,855;2,017;2,089
Oceania;203571;214929;222382;2,924962048;-4,471685199;-7,550967489;3,964666396;1,22360924;6,385198756;4,716492049;-3,991844185;-8,59986627;8,763;9,793;10,313
Asia;28516545;32284046;33696614;-2,955389297;0;0;46,47625123;0;0;0;0;0;13,783;13,575;13,59
Africa;55876504;58801927;59893885;-0,757928114;-7,481092762;1,187663214;5,545528123;5,692615294;5,054292683;-0,127725169;-5,00903529;-0,75481036;22,87;24,34;29,806
Africa;16248230;18927715;20017675;-0,312861216;-5,59573306;1,895517752;6,659292114;13,74350216;8,629910938;0;0;0;8,28;6,03;6,131
Africa;14154937;15669666;16320537;-0,132759722;-9,670404777;1,328184336;0,367419653;604,9458642;183,7933999;-1,728409118;-10,24497321;0;5,282;7,898;7,945
